{

    "metal_nut": {
        "au_pro": 0.9475362535958798,
        "classification_au_roc": 0.995601173020528,
        "classification_roc_curve_fpr": [
            0.0,
            0.0,
            0.0,
            0.0,
            0.0,
            0.0,
            0.0,
            0.0,
            0.0,
            0.0,
            0.0,
            0.0,
            0.0,
            0.0,
            0.0,
            0.0,
            0.0,
            0.0,
            0.0,
            0.0,
            0.0,
            0.0,
            0.0,
            0.0,
            0.0,
            0.0,
            0.0,
            0.0,
            0.0,
            0.0,
            0.0,
            0.0,
            0.0,
            0.0,
            0.0,
            0.0,
            0.0,
            0.0,
            0.0,
            0.0,
            0.0,
            0.0,
            0.0,
            0.0,
            0.0,
            0.0,
            0.0,
            0.0,
            0.0,
            0.0,
            0.0,
            0.0,
            0.0,
            0.0,
            0.0,
            0.0,
            0.0,
            0.0,
            0.0,
            0.0,
            0.0,
            0.0,
            0.0,
            0.0,
            0.0,
            0.0,
            0.0,
            0.0,
            0.0,
            0.0,
            0.0,
            0.0,
            0.0,
            0.0,
            0.0,
            0.0,
            0.0,
            0.0,
            0.0,
            0.0,
            0.0,
            0.0,
            0.0,
            0.0,
            0.0,
            0.0,
            0.045454545454545456,
            0.045454545454545456,
            0.045454545454545456,
            0.045454545454545456,
            0.045454545454545456,
            0.045454545454545456,
            0.045454545454545456,
            0.045454545454545456,
            0.09090909090909091,
            0.09090909090909091,
            0.13636363636363635,
            0.18181818181818182,
            0.22727272727272727,
            0.2727272727272727,
            0.3181818181818182,
            0.36363636363636365,
            0.4090909090909091,
            0.45454545454545453,
            0.5,
            0.5454545454545454,
            0.5909090909090909,
            0.6363636363636364,
            0.6818181818181818,
            0.7272727272727273,
            0.7727272727272727,
            0.8181818181818182,
            0.8636363636363636,
            0.9090909090909091,
            0.9545454545454546,
            1.0
        ],
        "classification_roc_curve_tpr": [
            0.0,
            0.010752688172043012,
            0.021505376344086023,
            0.03225806451612903,
            0.043010752688172046,
            0.053763440860215055,
            0.06451612903225806,
            0.07526881720430108,
            0.08602150537634409,
            0.0967741935483871,
            0.10752688172043011,
            0.11827956989247312,
            0.12903225806451613,
            0.13978494623655913,
            0.15053763440860216,
            0.16129032258064516,
            0.17204301075268819,
            0.1827956989247312,
            0.1935483870967742,
            0.20430107526881722,
            0.21505376344086022,
            0.22580645161290322,
            0.23655913978494625,
            0.24731182795698925,
            0.25806451612903225,
            0.26881720430107525,
            0.27956989247311825,
            0.2903225806451613,
            0.3010752688172043,
            0.3118279569892473,
            0.3225806451612903,
            0.3333333333333333,
            0.34408602150537637,
            0.3548387096774194,
            0.3655913978494624,
            0.3763440860215054,
            0.3870967741935484,
            0.3978494623655914,
            0.40860215053763443,
            0.41935483870967744,
            0.43010752688172044,
            0.44086021505376344,
            0.45161290322580644,
            0.46236559139784944,
            0.4731182795698925,
            0.4838709677419355,
            0.4946236559139785,
            0.5053763440860215,
            0.5161290322580645,
            0.5268817204301075,
            0.5376344086021505,
            0.5483870967741935,
            0.5591397849462365,
            0.5698924731182796,
            0.5806451612903226,
            0.5913978494623656,
            0.6021505376344086,
            0.6129032258064516,
            0.6236559139784946,
            0.6344086021505376,
            0.6451612903225806,
            0.6559139784946236,
            0.6666666666666666,
            0.6774193548387096,
            0.6881720430107527,
            0.6989247311827957,
            0.7096774193548387,
            0.7204301075268817,
            0.7311827956989247,
            0.7419354838709677,
            0.7526881720430108,
            0.7634408602150538,
            0.7741935483870968,
            0.7849462365591398,
            0.7956989247311828,
            0.8064516129032258,
            0.8172043010752689,
            0.8279569892473119,
            0.8387096774193549,
            0.8494623655913979,
            0.8602150537634409,
            0.8709677419354839,
            0.8817204301075269,
            0.8924731182795699,
            0.9032258064516129,
            0.9139784946236559,
            0.9139784946236559,
            0.9247311827956989,
            0.9354838709677419,
            0.946236559139785,
            0.956989247311828,
            0.967741935483871,
            0.978494623655914,
            0.989247311827957,
            0.989247311827957,
            1.0,
            1.0,
            1.0,
            1.0,
            1.0,
            1.0,
            1.0,
            1.0,
            1.0,
            1.0,
            1.0,
            1.0,
            1.0,
            1.0,
            1.0,
            1.0,
            1.0,
            1.0,
            1.0,
            1.0,
            1.0
        ]
    },
    
    "screw": {
        "au_pro": 0.9730525071497678,
        "classification_au_roc": 0.9743799959007994,